window_key;OW_events
772578730;[43]
3760572953;[69 66 69]
4275906533;[66 34]
4292604838;[43 40]
268345112;[57 60]
84696351;[]
1342627868;[38 33 28]
1007465396;[57]
3388663475;[ 31 121  33 118  27  30]
2903240625;[38 35 37]
2194666988;[44 47]
2981390700;[27 30]
3884369373;[57 60 57 60]
1856848942;[30 27]
2797675534;[38 35]
655135397;[34]
651817588;[40 43]
269250160;[21]
482908565;[35 37]
2660191980;[34 30 28 35]
1322549491;[57 60 57]
2432113510;[60 57]
957132539;[60]
1003241163;[ 69 105]
2019403376;[57 60 57 60 57 60]
3601997484;[35 44 38 61 64 61 64]
4228665076;[121]
2840372750;[113  38]
805744060;[38 33 60]
335046443;[ 17   8  14  19 125   5  24 122]
1830424943;[38 34 32 38]
16210432;[28 57 33 60 27]
2399145646;[60 57 60]
3430122029;[220 217  57  60 220]
4077666505;[118]
852163278;[34 31]
504136826;[27]
1464607992;[113 116]
755801111;[40]
814370898;[ 8 17]
688690635;[44]
2360177512;[30 57]
1465448530;[31 34 31 34 31]
133473454;[ 31  34 122 125  31]
588024921;[38]
638357778;[35]
604802540;[33]
437026350;[31]
2629415519;[27 61 64]
1733011843;[31 35 38]
834252826;[37 30]
1791121296;[30 27 30]
654471413;[30 29 38 33]
1490698538;[ 40 121]
3272290162;[64 61 64]
4260708608;[47 61 44 64 61]
453803969;[30]
3467642403;[34 31 35 38]
2142792225;[ 11  23 118   5   8   5  15  44  69 121  47]
725814664;[ 27  57  31  60 125  57  60]
1279907088;[118 121]
2153902349;[43 40 43 40]
1863062804;[38 34 32 37 30]
432575708;[35 38]
784067064;[36 27]
2863631884;[125  34 122]
2480407110;[64 61]
1005706187;[38 33 61 28 64]
2232977108;[40 43 40]
537692064;[37]
2101972366;[31 34 30]
3339451269;[66]
2948821200;[33 28]
2344793793;[38 35 38 35]
348914022;[69 66]
2024880059;[38 34 31 35]
1341568275;[ 60 122]
2495777754;[35 38 34]
1058843842;[35 57 60 57 60]
4258293282;[38 33 27 31]
1832091132;[ 8 17 35  5 14 38 34]
3373043004;[30 57 60]
906102357;[27 30 27]
1304026158;[ 37 122]
3080499078;[ 33  28 121  35  36 118]
1218107084;[31 35 37 30 28]
2512555373;[35 38 35]
3660924563;[ 69 122 125  31  35]
2949336340;[38 57 60]
3222007936;[69]
3149286928;[113 116 113  27]
1676973560;[61 64]
1493913179;[220]
205705045;[ 5 14  8 17]
4089007744;[37 32]
4257736549;[38 35 36 57]
1040213690;[ 32 125  38  35  38  33 122]
73826638;[32 37 43 32 40 37]
2117791634;[118 121 118]
846496254;[ 40 118 121]
1512705618;[ 57  60  27  32 125]
692652370;[31 34 66]
2501865717;[125  31  66]
1413506807;[43 40 43]
3002552556;[60 31]
792342033;[47 44 61]
1219058686;[30 57 60 29 57]
3481126237;[38 60 35 38 57]
4278997933;[122]
2998231159;[47 64 44 61 64]
1297022539;[29 37 30 27 57]
1308902031;[60 35 38 57 60]
2807080736;[ 37  30 122]
2813614510;[27 32]
3812789962;[ 5 14  8 40]
889862131;[103 100 103]
3044503208;[31 35 57 38 60]
2845239683;[47 44 61 64]
1818812174;[57 60 31 34 31]
1744171930;[27 17  8 14 17]
3800630039;[34 31 35]
554469683;[36]
2176308384;[60 36 57 60]
159765532;[220  57 217  60 220 217]
188030366;[ 32 125  38 122  35 125]
2814453153;[38 34]
3104572053;[38 35 57]
2288404649;[60 35 38 57]
2563109459;[69 27 64]
3826925561;[122 125 122 125]
1195397760;[43 40 38]
3305896031;[64]
3834185277;[34 31 33]
923265767;[61 64 37]
1810296550;[57 60 34 57 31 60]
3471167270;[37 31 34 31]
494227186;[ 27  32 121  37 118]
153595051;[60 57 60 57 60]
3065801015;[ 8 17 31]
2998168319;[27 31]
2852907768;[38 35 38]
2856296055;[14  5  8 17]
705468254;[47]
2825731632;[ 27  32 125  57]
2588792860;[60 35 38 57 35 38 60]
2848791495;[ 57  60  37 122]
205810961;[35 38 35 38]
1489712800;[34 69]
3589102174;[57 38 60]
187547485;[38 34 31 57 35 60 57]
901510397;[36 28]
817586623;[57 60 38 57 60]
1421072133;[ 27 125]
2798161635;[37 32 38 35]
1290131258;[38 61 35 64 38 34 61]
3354094263;[60 35 38 35 38]
3440124433;[38 35 69]
2607969160;[ 43  60 122]
833497718;[18 40 21]
2812464583;[35 57 38 60 57 60 35]
4142411787;[38 35 57 60]
3045335370;[30 27 30 27 31]
1348989040;[122 125]
1133844597;[220 217 220 217]
1025247347;[31 35 38 34]
750758055;[64 61 64 61 64]
2916410328;[217 220]
3603704619;[31 34 31 40]
4209021240;[33 28 34 30]
1809100442;[57 60 38]
1634355658;[ 5 14]
906338916;[ 57  60  57 122  60  57]
901547918;[64 61 47 64 44 61]
3969004555;[ 21 217]
1975892794;[69 27 31]
1166825766;[44 61 64]
940716480;[61 64 61 31 64]
4094332309;[38 57 60 35]
3878546743;[ 47 118  17  27  32  37  14  30]
241222975;[121  43  40]
934478413;[ 57  60  57  27  60  31 125  35]
42856372;[31 35  8 17]
229272804;[31 34]
1297523350;[125 122]
1541002401;[121 118 121 118]
1191595412;[ 35  18   8  20  38 122]
2118749985;[31 34 31]
1503361373;[64 61 64 61]
2081552846;[57 60 34 31 57]
1234252658;[ 21 118]
3574209434;[31 35 61 64]
36408149;[220 125 217  38]
3678161044;[ 37  30 122  27 125]
246050423;[31 35]
3343810583;[ 57 217  60 220]
1345316881;[27 30 27 30]
851030445;[37 31]
3687297503;[38 35 36 27]
703904725;[33 28 33 27 31]
2427729273;[27 57]
3630636364;[57 60 57 27 60]
3938532333;[125  57  60]
3090096886;[57 60 38 57 35 60]
2829259296;[18 21]
1659556938;[64 47 61 44 64 61]
434176227;[69 38 35]
2599407569;[30 27 30 27]
940354920;[61]
3566605324;[34 18 30 21]
1948887585;[57 60 57 60 38]
2932643494;[220 217]
3021404085;[60 57 60 57]
151806827;[12]
2577688715;[ 27  31  35 125]
356809532;[35 38 35 57]
4106997510;[69 34]
1897635310;[ 27 125  31]
1231001254;[121 118]
4114927341;[116 220]
1185407492;[204 207 204 207 204 207]
427499040;[64 61 38 64]
3201769222;[66 34 69 66]
673125601;[ 27 125  31  34  31]
3966158746;[35 57 38 60 35 38]
4172009463;[35 57 60]
1758767585;[57 60 35]
1563002348;[57 60 57 60 57]
400379712;[66 69]
1220579348;[38 69]
1019792373;[35 69]
3896265525;[ 31 125  34 122  31 125]
1479261348;[57 60 57 35 60]
2803980947;[217 220 217]
3909367712;[217  64 220]
1027228699;[47 44 47]
2008102440;[38 34 31 34]
1771242628;[ 35 113  38  35  38]
2224849773;[40 43 40 43]
2888545443;[32 37 31]
2164736995;[220  57 217  60]
466877954;[217  34]
1101361863;[57 38 60 35]
2424244258;[ 47 112  27  31  34]
1697374168;[29 37 31]
44007101;[122 125  31]
1365498719;[18 34 44 30]
3861223943;[30 27 31 33 27]
868940897;[34 30]
4161554600;[125]
1830591528;[30 61 64 27 61]
2079333120;[44 61 64 38]
490211963;[ 31  66 125]
2853627895;[60 57 60 35]
1195980940;[31 34 32]
3082139949;[18 21 31]
3540937242;[38 34 31]
3581791951;[38 60 35 38 35]
520602911;[61 64 61]
2748475510;[47 44]
4094444124;[113]
1544246036;[217]
1775545204;[57 60 36]
1154008267;[34 31 57 60]
1764337549;[29 36 27]
2319395735;[38 60 35 57]
720137760;[ 34  69  30 122]
1206160617;[ 34 122  30]
2428567916;[38 61]
396753200;[ 66 125  31  69]
518876564;[48 51]
1304025845;[ 38  34  30 122  27 125]
1495329714;[27 30 29 37]
973201774;[57 35 60 38 35 38]
2910018222;[ 60 217 220]
3783852420;[34 31 34]
2230331691;[44 61 64 47]
4001402100;[ 60 220 217]
195355296;[34 30 27 31 35]
315358784;[69 64]
1558812093;[44 47 44 47]
42693646;[34 30 27]
76248884;[34 30 29]
279960479;[27 57 60]
682121422;[28 33]
751791754;[44 69]
886331397;[57 60 31]
71522557;[37 30 27 57 31 60]
201931428;[38 34 32 38 35]
1225471275;[204]
1557638065;[ 64 116]
2010199314;[36 27 30]
2928792177;[21 27]
4174107986;[69 38]
807702309;[27  8 17]
13591849;[34 60 31 34 57]
1640473651;[38 34 57 30 60 27]
2764120296;[38 33]
3024863019;[64 35 61]
4006968531;[ 57  60 217]
1488579967;[37 69]
748993168;[204  27]
1618641165;[121 118 121]
4222042472;[27 31 34 31]
3214822219;[40 34 31 34 31]
1496683917;[ 33 122  27 125  30 122 125 122]
791917916;[34 30 57 60]
2280673654;[51 48]
3555288873;[ 27  32 125]
2879197356;[125  66 122]
420248731;[28]
517596636;[40 35]
3376207754;[ 57  60 125  57  60]
2786124302;[220 217 220]
2210528991;[30 57 60 57]
217643677;[61 64 61 64 61 31]
1751889265;[64 47 44 61 64]
3883512457;[125  40 122 125]
2311238555;[38 35 38 33]
2672540869;[37 30 27 31 35]
2466328383;[28 34 30]
1170387726;[ 31 116  34  31  66  35]
2170552127;[37 30 57 60]
943436941;[61 64 61 64]
1183815254;[ 12   9  22 192  25 185]
1076797138;[43 40 43 40 43]
2537607280;[ 43  40 118]
2860821562;[ 31  35 125  37  31]
794335280;[31 33 57 60]
1336742753;[ 30 122]
239904314;[ 57  36  60 122]
1795364578;[ 31 121  35]
1593733322;[38 35 37 57 30 60]
3649477286;[36 57 60]
1819385747;[38 35 38 43 40]
1727966052;[28 35 36]
1424041457;[ 31 125  35  38  35]
3324184857;[ 66  35 113]
845625273;[ 61  64  47 118]
2687066920;[32 38 35]
791125248;[ 34 122 125 122  30]
2413094726;[ 57  60 122]
2569067814;[69 64 66]
694903217;[66 64 35 38 61]
386693493;[18]
27702646;[207 204]
659370109;[30 28 33 29]
2935442080;[60 27]
287387459;[ 27 125  31  35  38]
369189800;[ 30  29 125  38  33 122]
1516824669;[ 30 122  27 125  30 122]
2376379958;[35 38 34 57 31 60 35 57]
2714218225;[118 121 118 121]
1782211867;[31 40 43]
2532328833;[44 61 64 61]
3868712536;[34 31 35 57 38 60 35 57]
3996712140;[60 34 31]
3934645669;[38 35 38 35 38]
3410288427;[64 47 44 61]
1507623252;[ 43 118]
3180389547;[35 57 38 60]
3653874750;[35 37 31]
123905439;[40 43 40 43 40]
3063019034;[47 44 61 64 61]
1337728491;[ 36 122]
2769739800;[60 57 60 38]
788806119;[27 31 34]
2949667517;[ 38 122  35 125  38]
2360618797;[27 69]
102226563;[37 30 28 35]
3590575951;[28 33 27]
4136613140;[37 57 32 36 60 57 60]
4121521825;[125  27  69  31]
369934;[34 32 37]
188043411;[60 38 34 30]
512818498;[118  43  40  43 121  40]
2645634059;[220  57  60 217 220]
1494900951;[217   8  17   5  14 220 217]
1824796653;[220 217  57 220  60]
1460410478;[ 64  61 220]
1212943707;[113  69]
2089501011;[34 57 60 57]
1638286346;[ 32 125  37  30 122  28  34 125]
3206833125;[100  27  31]
2791319821;[121  43]
2361457440;[38 57]
14494475;[66 44]
1590610608;[31 35 69 38]
4150525330;[66 69 38]
35323188;[30 57 27 60 57 30]
2733775616;[30 27 31 35]
648566184;[28 35]
2310312929;[122  28 125  33 122]
1791132366;[38 35 38 66]
1322745940;[38 60 35]
2950512082;[27 31 66 69 64]
1805946542;[ 57  60  57 217  60 220]
740787892;[34 30 57 60 27 57]
505044778;[27 57 60 57 60]
1713111021;[64 38 34 61 31 64 35 61]
604470827;[ 43  40 118 121]
1964923703;[ 43 118  40 121]
4081190687;[35 38 34 31]
862438089;[122  30]
528613937;[33 40 43 40 28]
2642842750;[47 64 44 61 64 61]
3670652369;[35 37 30]
1186694241;[57 60 38 57 34]
772028500;[27 31 35]
3342609149;[ 60  57 220  60 217]
3598856386;[ 57 122  60]
819220921;[57 60 27]
3855962402;[37 18 30 21 27 18 30 66]
3435781334;[31 34 30 28]
979731340;[35 38 35 38 57 60]
2634109525;[30 69 29 66 36]
3830563902;[ 5 14 64]
2676969599;[34 30 28 34]
2005252460;[61 64 27 61]
1119596319;[ 57  60  27  32 125  38  57 122]
2857356922;[  8  17  31  35  38 112]
104278372;[ 27  31 125  34 122  31 125  34]
2019272831;[204  31  57]
2291333767;[116  47  66  44 103]
1657727641;[57 60 38 57]
3407032075;[38 33 27 30 28]
2777257916;[64 34 61 64 31 61 34]
3839239805;[204 207 204 207]
19267084;[69 66 34]
1928270222;[30 44 27 30]
2225055857;[36 28 57 33 60]
1867832402;[  8  17 118   5  14 121]
3634504442;[ 21  18 121  21 118]
2463427583;[ 57  60 125]
2159809589;[ 8 17 69]
2120628459;[60 35 38 35]
478168238;[51 92 96]
1057248023;[27 31 18]
3990922022;[ 35  37 122  30  27]
808256;[5]
2818919183;[30 28 35 37 30]
944688526;[64 34 61]
1883020481;[37 31 57 33 60]
3503038905;[31 34 31 34]
1907811455;[37 43 40 30]
4251971147;[57 60 34 57 60]
3560225363;[57 27 60]
3124640788;[37 31 66 35 38]
2564894234;[ 69 116  66 113  69  66]
3105452126;[57 35 60 57 60]
3883247886;[ 30 122  27]
1383076411;[207 204 207]
1948204290;[125  31  35]
1234994008;[57 60 31 57 60]
1282522673;[38 60 35 57 60]
1663517849;[35 60 38 35 38]
472964188;[ 30  27 103  30  27]
832409759;[ 27 217 220]
1749789462;[31 35 37]
777417161;[125  27]
3592773856;[66 34 69]
2076337279;[35 38 57]
791080714;[32 38 35 38]
786185635;[43 27]
3560628374;[220 217 220 217 220 217]
161868138;[29 38]
3694862035;[40 43 35 40 38]
2618047639;[28 64 35 47 44 61 37]
2885109223;[60 38]
1264524390;[31 34 43 31]
1116689143;[ 8 17 27 31  4 69]
3777604374;[33 27 57 30 60]
905802000;[61 64 61 64 61]
1931400713;[27 30 28 35]
2354441753;[ 15 192 185]
3642513078;[35 69 37 66]
2449550764;[28 34 31]
2218559570;[57 60 27 31]
2039448975;[ 8 17 28 35  5 14 37 30]
63174637;[ 28 125  35  36 122]
323776599;[ 36 122  27 125]
617307159;[ 66 116  69 113 116]
2831716873;[37 32 38 33]
1387062422;[ 10 119   2 125   9 121  12 118   7 122]
1767015453;[37 31 34]
1873479466;[31 64]
1272418542;[64 69]
3233005134;[27 32 38 34]
2625427489;[ 27 125  30 122]
1472935181;[ 34 122]
2750553235;[30 27 31 34]
3417309546;[34 31 35 57]
1791801498;[57 60 37 57]
1836389712;[ 57 217  60  35  38]
696270429;[36 28 33 27]
2199451928;[ 57 220  60 217  57 220  60  57 217]
564887067;[28 57 33 60]
1354157100;[37 32 36]
2281114939;[60 66]
1227246350;[60 35 57 38 60 35]
3891730158;[28 33 29 36 27 30]
1002688092;[33 29 38 35 38 34]
2864456367;[33 27 32]
1997204496;[38 43 40 35 43]
1948688244;[125 122  57 125  60]
1827111273;[60 57 38 60 35 38]
3083439244;[30 28 35]
1296921083;[21 40 43 18 40]
3274150483;[27 30 27 31 35 38]
3100491354;[34 61 31 64 34 61 64]
165365999;[35 44 47]
2536264062;[ 5 14  8 17 31]
747175613;[ 36 192  27 185]
1331665962;[ 60 122 125]
3468185990;[27 32 36 28]
3288477649;[125 122 125 122]
2026835259;[57 60 38 35]
165661321;[ 35  36 122  27]
111829471;[31 43]
66959283;[38 60 35 38 57 60]
1965236432;[ 36 122  27]
2644434878;[122 125 122]
1839924228;[31 66]
906799682;[51]
2346334874;[8 5 8]
1736448395;[12 66]
2049976879;[27 30 27 32]
1242248894;[207]
4259840378;[ 18  21 109 112  27]
2779612929;[34 31 34 31]
3802454902;[27 31 35 38]
1445509894;[57 30 60]
1444687822;[31 35 38 57]
1236693853;[37 32 38 34 31]
3998674160;[36 27 30 66]
126303925;[60 57 38 60 35]
1307465454;[207 204 207 204 207]
1420483753;[ 31 125]
3977626162;[37  5 14 30  8 17 14 17 27]
1148723530;[35 57 60 57]
2243164798;[118  40 121]
935439139;[185   5]
3462163819;[118 121  43  40]
2864030902;[18 21 18]
1353961657;[ 27 121]
1099147985;[ 27 125 122  31 125]
91078995;[125 122  57  60]
3554213234;[34 31 34 31 34 31]
1298100252;[ 33 122  57  29  60 125  37 122]
1854006721;[31 34 57 60]
3762247613;[57 60 28 35]
2207738197;[ 60 217 220 217]
3947092194;[30 27 31 69 33 27 64]
3905384198;[37 31 34 30 27]
473658336;[ 30  27 125  31  34]
3760205665;[64 47 61 44]
279566507;[ 60 217 220  57  60]
758100216;[ 27  30  27 125]
1363592549;[57 60 31 34]
2367525840;[ 28 125  34  30 122]
1907181799;[30 28]
2517502483;[38 34 32]
1813611784;[ 60 217 220  57 217 220]
1231023880;[57 38 60 35 37 30]
4103540843;[35 66 69 38]
1807898915;[30 27 31]
3128593391;[31 33 28 35 37]
3519510243;[30 29 37]
1978568122;[ 27  32 125  37 122]
413826613;[31 57]
363573058;[40 43 40 38 43 40 43]
741557743;[60 38 35 57]
3516162144;[204  27 207  31  35  37  30]
3527394227;[27 60 57 30 60]
2033073643;[29 38 35]
87482986;[60 35 38]
152418240;[47 61 44 64 61 64]
4238820091;[27 31 34 30]
348834708;[34 57]
1300761747;[60 27 30 27]
788659024;[27 30 28]
2026976933;[36 27 31]
1305600276;[47 66]
2009226803;[35 38 61]
3757916056;[40 38 43]
2215313543;[38 43 40 35 38]
915772954;[118 207 204]
4099870935;[121 217]
1999220442;[57 60 57 60 35]
128686741;[220  57  60  57]
2112217138;[ 61 121  27  64  30]
3768964588;[204 207]
724114955;[220 217 220  57  60]
621580159;[32]
3792446982;[103]
3901031440;[ 21   8  17 122   5  14 125  18   9  22]
2396364571;[204 207 204  57]
3872133215;[38 57 35 60]
305887419;[61 64 61 38]
2295145856;[32 37 31 35]
2720198756;[30 27 31 34 31]
3009650987;[57 60 35 38 57 35 60]
2623316728;[ 60 220 217 220]
3792168180;[30 28 35 38 34]
1766822544;[43 34 40]
2745880201;[33 28 35]
1968021430;[ 35  38  66  34 122]
37303532;[64 61 31 64 34 61]
1447174921;[ 57  60 204 207]
1412101751;[57 31 60]
222396341;[27 57 32 60 38 35 57]
994543541;[ 34  31  34  30 122  27 125  31]
1058117665;[29 37 31 35]
947288068;[155 150]
2909940980;[ 35  38 118  34]
1040709100;[61 64 28]
1419939300;[ 18 121]
3783120482;[57 60 35 57 38 60]
2336897085;[118  38]
222410730;[ 37  30 122  27  32 125]
3182534187;[30 27 57 60]
905600477;[ 5 14  8 17 35 38 35]
2405905167;[ 5 14 38 34 31 34]
403471112;[29]
2007900281;[118  35 121  38]
147749737;[35 43 40]
1325850249;[38 33 27]
1793508640;[38 34 18 30 21]
4058781693;[ 27  32 121  38 118  34]
1744743671;[28 35 37]
1611095279;[35 66 69]
399134442;[38 35 37 31]
1757222586;[ 29 125  37  32]
2854955978;[66 44 69]
3366064527;[ 28 125  35  66  38]
2709732387;[38 35 38 34 31]
2865632688;[31 34 30 27 31]
970818758;[ 66 103]
2235337189;[57 60 27 30]
1365716148;[ 8 17 64 69 61 64]
917037403;[14 17 27 31 35]
3789700079;[ 57  60 217 220  57 217  60 220]
1502400372;[ 11 118]
1701466134;[ 5 18]
1750237834;[37 31 35]
937506811;[ 28 125  33 122  28  35 125]
890022063;[48]
1089449452;[ 50  64 192 185]
2815340857;[ 61 121  64]
313625515;[ 8 17 31  5 14 33]
2780968037;[30 57 60 27]
1408850347;[57 35 60]
1091334402;[122  69 125  30 122 125]
2111830707;[111   8  17  40]
2353201009;[57 60 37 57 60 57]
1612280723;[34 31 35 38 34]
2781000817;[30 27 69]
2165271919;[30 57 27 60]
2328016174;[38 35 38 34]
3631572981;[ 57 125  60]
3426610811;[38 57 35 60 38]
903628968;[43 18]
2740986964;[121  40]
907545207;[ 40  43 121]
137934831;[ 41 192 185]
3438609485;[47 64 44 61]
3443025952;[38 57 35 60 57 38 60]
2066628881;[29 38 33]
3796120478;[31 34 32 38]
413608281;[60 35 57 38 60]
4152790221;[35 37 31 33]
1029504985;[12 25 21]
3072161965;[  5  14 121 118]
3859557458;[99]
1287074329;[38 57 35 60 38 57 35 60]
3612208186;[38 35 38 57 60 35]
1714151787;[29 37 30]
4240992053;[35  5]
1339155514;[47 64]
2496340627;[38 57 33]
485475811;[220 217  57  60]
3066264533;[33 27]
477906402;[ 57  60  57 122 125]
2844851169;[ 69 109  44]
2145339756;[30 61 27 31 34]
224938929;[ 17  14 121 118]
2362096768;[47 27 31]
3061925643;[64 47 61 31 44 64 61]
152193949;[ 57  60 217 220]
644928966;[61 27 31 64]
2393026289;[217  57  60]
592531109;[ 31  33 122]
1301363134;[ 21 122]
196504174;[64 61 64 61 64 61]
1863209899;[38 34 32 36 28]
1328866475;[60 30 27 30 27 30]
2293469058;[38 34 30 27]
1580765705;[57 60 57 38 60]
3196582135;[57 35 60 38]
3379097676;[64 61 64 47 44 61 64]
2664106379;[32 37 30 57]
2311923475;[32 37 31 34]
1162039911;[5 8 5]
4213928500;[61 34 64 31 47 44]
842770031;[60 33 27]
3411675612;[31 57 34 60 31]
2141376917;[18 66]
594355998;[  9  19  44  95 107  47]
2180437688;[18 35 21 61]
2461117435;[38 34 31 57 34 60 30]
3723860296;[  5  14  33  43 112  28  33  40  43]
1128788564;[125 122   9  18 125  12]
1438835490;[ 33 122]
3306062176;[204 207 204]
1456269880;[57 60 31 34 57 60]
2858579953;[125 122 125]
2688501215;[35 38 33 66]
2803885766;[116 113 116]
1713285554;[31 35 38 35 38]
3670505274;[35 36 28]
2168710679;[34 57 31 60]
1223301675;[66  8 17 27]
1008469728;[31 35 38 35]
1683996967;[121 105]
454516997;[ 38  34 122  31 125]
1964970111;[ 27  66  32 125]
910294216;[ 31 125  35  38]
3450661087;[ 38  33 122  27  31 125]
87529633;[217  57 220  60 217 220 217]
2666148555;[28 35 37 30]
241568893;[ 57  60  31  35 125]
470581588;[25]
4157203320;[35 37 61]
4124935083;[113 116 113]
1231347673;[ 35 125  38  34 122]
2183910821;[217 220  30 217  27  57]
3642175988;[60 57 60 18]
192552498;[34 57 30 60 27 30 29]
2899847585;[64 36]
2928625984;[ 12 118   7 122   1 125]
2189547872;[ 69  36 122  66]
3557010086;[ 27  31 125]
3413493266;[37 31 35 38 34]
2099782988;[ 57  60  57  60 217]
2938255458;[34 57 30 60 29 57 38 60]
3486261286;[31 34 31 35]
1017944783;[34 31 64 61 64]
1761521290;[28 35 38]
3085410720;[30 40 43]
1134775169;[69 44 31 34 66]
4209415268;[ 35  38 112  35   5  14  38]
1134278492;[17  8]
3484963609;[27 32 36 29]
1607597418;[ 47 112]
329938518;[31 60]
4187082443;[30 43 40 43]
2881857819;[32 38]
1984063223;[ 27 220  30 217 220  27 217  30 220]
1370934719;[37 32 37]
2813105781;[220  57  60 217]
1864813937;[61 64 61 64 38 35 61]
4256640830;[ 5 35 14 38 35]
1488893210;[28 33 28 33 29 38]
3788405627;[ 27  31 125  35  38]
2396622189;[35 38 61 35 64 38 61]
98303256;[43 34]
3409617753;[ 38  66  34 122]
1877909528;[217  57 220 217]
3699627735;[38 35 57 60 38]
2330522686;[27 32 36]
636535024;[64 61 64 38 61 35 64]
331909994;[35 60]
1420455346;[ 33 122  27 125]
798901627;[  8  17 192 185   5  14  43]
914974095;[28 43 35 40 38]
2711241043;[34 40 31 34 31 34]
1042892107;[27 57 31 60 35 36 57 27 60]
4217445543;[60 27 57 32 60]
1858830066;[57 60 38 35 38 57 60]
3002374481;[109  66  69]
696500652;[31 17 35  8  5 14 17]
1987118883;[ 28 125  35]
2896020142;[27 64 31 61 64]
2789619668;[121  27  30  69]
4255744805;[27 31 33 29]
505891117;[ 27  30  27  32 125  36 122  27]
1297095026;[37 30 28]
914197825;[69 66 69 66]
298881528;[29 38 33 57]
3898415038;[57 38 60 35 38 57]
3855428868;[122 125  34 122]
1123264130;[38 34 31 34 31 35]
1022602226;[30 47 44]
100951146;[28 35 38 35 37]
2918664461;[60 36]
282100747;[38 33 27 32]
934934314;[64 30 61]
68846565;[34 14 31 17  5 14 33]
1905812000;[ 5 51 17 48  8]
2645543623;[64 61 47 64 44]
4113917202;[38 57 34 60 31 35 38]
1042024966;[31 35 38 33]
1999907736;[34 61 64]
3960377717;[ 38  34 118]
4178372026;[ 30 118  21  27  31]
1596987571;[ 30  27 100  31]
3968406229;[34 31 57]
3737607944;[57 60 35 57]
172255723;[35 38 35 36]
2910384069;[ 69  27 100  30 116]
3959777863;[47 66 36 27 44]
830866640;[29 37 32 37]
124233613;[27 30 27 31 33]
1634081516;[ 35 100  38]
1151801115;[30 57 60 28 57]
1753295453;[217 220 217 220]
5114035;[  5  14 121   8  17 118   5  14]
3484095527;[38 34 30 27 31]
1338022681;[ 38 122]
2837494994;[30 27 31 35 38]
1966969134;[30 28 57 33 60 29]
1355564613;[ 35 125  38  34 122  30]
1672639265;[ 8 17  5 14]
2663524704;[30 57 60 28]
1154454610;[ 44 109]
3799914418;[57 60 69 57 60]
2290515390;[ 57  60  57 220  60 217]
93805698;[ 33 122  28 125  33 122]
2176312758;[35 38 35 38 35]
2608402340;[27 31 61 34 64]
1257874487;[31 34 66 31]
4056664653;[69 31]
117127589;[38 43 35 40]
2028866783;[ 28 125  35  38]
3592918523;[ 35  38  47 112]
2071696813;[61 30 64 27 61 30 64 47]
1455172325;[ 31 121  34 118  30]
2051199884;[60 38 35]
1777698584;[66 44 69 66]
3301381297;[ 34 122  31 125]
450018247;[57 27 60 57 30 27 60]
3486114191;[31 34 30 27]
2728555625;[64 38 33 61]
3939944018;[27 57 60 57]
85448944;[37 30 28 34]
336360636;[17]
4057513408;[64 38 35 61 64 61]
813125637;[ 36 122  28 125  33  28]
996555223;[69 27 31 64 35]
1763199503;[ 57 220  60 217]
2277792366;[220 217  57 220 217]
3422262740;[60 37 30 27 31 34]
608890157;[30 28 34 32]
3154832905;[61 47 64 44]
372055115;[  9  18 107]
1645760957;[ 31  34 100  31  34]
3680826;[35 57 38 35 60]
2940915185;[28 34 31 33 28]
4057301388;[ 57  60 220]
3428513057;[ 31  35 116  66]
3781013294;[30 57 27 60 30 57]
50443788;[27 30 40]
3071815895;[217  57  60 220]
2866859920;[60 57 34 60]
1938285254;[37 30 29 43 36 40]
4091126315;[40 30]
2472763430;[66 69 66]
2602307339;[34 31 35 37 31]
1615421415;[31 34 57]
1559081089;[ 38  33 122  28 125  34]
3233577205;[ 8 17  5]
1533689944;[5 8]
1945636504;[38 34 31 34 32]
3778816309;[31 64 61]
3660440623;[ 40 121  43 118  40 121  43  40]
3602336890;[ 35 220 217 220 217 220]
46955217;[ 34 122  30  27 125]
1957466143;[118  21   8  17]
1405327660;[48 51 48]
738991453;[35 43 40 38]
2159796369;[33 27 30]
210921067;[ 21 185]
2537662034;[34 32 36 28 33]
1783645977;[37 30 57]
415451679;[47 28 35]
902349040;[35 66]
3536287862;[30 29 38]
1637268666;[31 60 34 31 34 31]
2468381669;[ 31 125  34  30 122]
2376263583;[18 48]
867676743;[64 31 61]
4039103572;[33 27 31 34]
3250122256;[37 57 31 60]
166049324;[ 31  34 122  30]
3604177034;[ 17  43 192   8  40 185]
1543587639;[57 27 60 30]
223410893;[18 21 61  8 17 27]
4133851034;[38 44 61 34 64 31 47]
3641448411;[92]
1665046904;[34 57 60]
2992026476;[60 30 27]
1977025627;[69 34 31]
2109514749;[61 31 47 64 44 61]
3889880796;[57 60 35 57 60]
196151729;[60 31 57 60 34]
3271337153;[ 57 126  60 129 126]
3993388502;[ 38  33 122]
541800894;[ 31  35 125]
3557714861;[38 34 30]
1315483604;[57 60 31 34 57]
1103475021;[37 32 37 32]
1371852991;[28 34 32 36]
1506644372;[ 5 14 48 18]
2933540172;[34 32 38 34 31]
247313257;[35 57 38 60 57 35 60]
2484520277;[ 60  57  60 217]
4060888886;[119]
135960783;[ 57  60 220 217]
2268087746;[37 31 34 32 57 60 36]
445101901;[ 69  28  66 125]
1146089375;[51 48 51]
281577137;[35 57]
1675396315;[60 28 34 32 38]
2867213009;[ 37  30 122  27 125  31]
64417197;[27 57 60 32]
3222768335;[57 60 30 27 30]
834650067;[66 37 69 31 33]
1740041001;[60 38 35 57 60]
3989554177;[69 27]
3540243094;[28 33 28]
2712620398;[ 29 125  37  30 122]
1234733545;[  8  20   5  14 125]
4079729689;[34 31 34 31 34]
1926224146;[ 27 125  31  66  34]
3824508792;[ 61 192]
207484252;[ 34  31 125 122 125]
2703047489;[100  40]
3567372239;[57 31 60 34]
624513889;[60 34 32]
1351901260;[31 44 17  8 35]
3924373373;[35 38 57 35 60 57 60]
2917407063;[121  32  37  31  33]
1420336658;[ 28 125]
1213206931;[37 30 27]
3772559277;[ 27  47 112]
3177844386;[47 64 44]
2518714630;[38 66 35]
1944238534;[64 37 31 33]
2032508345;[ 35 116  47  38 112]
1600788363;[ 28 125  34 122  30  28 125]
3539545406;[ 31 125  35]
4020346454;[ 38 118  34  31]
4029396832;[34 31 34 31 33]
3768753047;[ 69 116 113]
1220682250;[30 27 32]
4062172724;[ 43 118  40]
1914412929;[ 27 125  30]
3729219752;[14  5  8  5  8 17]
1358890347;[ 57 125]
2058435297;[38 34 31 33]
558585643;[61 64 61 64 61 35 64]
1469163825;[ 57 217  60]
2734184597;[38 34 31 34 31]
3783723097;[29 57 38 60]
335663311;[27 30 57]
2898635438;[32 37]
3470675400;[27 40 30 43 40 43]
1661706487;[37 30 27 30]
93026503;[34 30 28]
3903086434;[ 57 217  60 220  57  60]
1908575699;[38 35 38 57]
1729429197;[ 37  30 118  27]
2006689943;[64 61 64 31]
1716682596;[37 31 33]
805436643;[27 30 29]
401580326;[51 64]
1322751399;[64 66]
738082899;[ 40  43  40 220 217]
822999755;[34 31 57 60 34]
2438029552;[116  69  66]
4057797486;[66 31]
4184801167;[ 38  66  34 105  69]
934998230;[27 31 43 34 40]
442846860;[44 64 61 64]
148527238;[ 60 122  57  60]
748246160;[22 25]
805583738;[27 31 33]
1900791275;[27 31 34 31 33]
2829056510;[37 30 27 61 32]
2125290846;[30 43]
1188248051;[ 60 220 217 220 217]
3827448901;[31 34 31 17 35 14]
1127123764;[64 47 44]
3129845215;[  6 121  10 119   3 124  10 119]
3682167223;[ 27 125  31  35]
2955002505;[ 34 122  31 125  35  38  35]
307975740;[ 32 121  38]
552255168;[57 60 37 30 27]
3584078343;[ 40  27 217]
3294752980;[ 30 122  66  69]
2789217386;[38 33 27 32 37]
3701424875;[122 125  57]
2660350273;[21 43]
3314360998;[ 44  61 192]
2752113798;[38 60 35 38 34 30]
174116039;[116  38  34]
380897288;[60 57 60 38 35 57]
2273514293;[38 35 38 34 57]
2743787137;[ 34  30 122]
560127984;[ 44 113  47  18  21  66]
1337254353;[43 27 40]
1340391563;[61 38 64 34 61]
1175190955;[ 64  61 207]
2190868198;[31 57 35 60 57 38 60 33]
1019742155;[122  57 125  60  21  57 122]
3638009908;[ 69  34 122]
3289167292;[57 35 60 38 35]
3938792277;[57 60 34 57]
2753304526;[66 38 35]
3821777987;[69 17]
959069827;[ 36  27  32 125  38  34 122]
2296967448;[27 32 38]
2802574911;[38 35 43]
2409021589;[47 44 61 38]
2227329853;[47 61 44 64]
58078394;[ 8 17  5 14 17 14]
2049005269;[38 35 64 61]
2389127548;[ 5 14 38 34 31 35]
2767330854;[30 27 31 33]
1804237412;[60 27 31 33]
1212502422;[116 113]
2851553985;[60 32]
2395759686;[220  57]
1015702326;[8 5]
3666409087;[34 31 43]
1847202562;[38 34 32 37]
2306410959;[61 64 38 47]
3028859565;[ 34  31 113]
3099911391;[37 31 34 31 35]
2358727486;[38 35 57 60 57 60]
1367429900;[217 220  57  60 217]
1866976598;[107  88 114  30]
1489945493;[30 27 30 57 60]
2494839749;[27 61]
4058712320;[ 8 17  5 14 33]
1876371875;[27 31 33 28 35]
1146105250;[217  57 220  60 217 220]
2853651263;[125  28 121]
1927444052;[36 28 33]
1443660682;[ 8 17 28 35 69]
959773660;[61 47 64 44 61]
4202755401;[ 35  38  35  38  34 122]
2793914089;[36 28 34 30]
2007649892;[64 37 30 27 61]
1042053939;[38 35 66 69]
1034330040;[207 204  31  35]
766875281;[113  35  38]
1464166707;[116  66]
2479000135;[35 38 33]
3295173896;[57 28 60 35 37]
3132925359;[116  27  47 112]
3799436435;[38 57 34 60 31 57 60 57 60]
3319172115;[27 57 60 30]
3097837645;[31 33 27 30 27]
466130946;[35 36]
334034376;[64 47 61 27 44 64]
324909432;[ 36 122  28 125]
1320563002;[38 35 43 40 43]
895009484;[31 34 31 34 61]
916169445;[17 27]
1997825839;[32 57 60 57 60]
2351140963;[ 57 125  60  57  60  57]
2445345535;[38 60]
762395891;[37 44 30 47]
2933571951;[47 61 44 64 38 61 35 64]
3914028830;[ 9 12 21 61]
844527637;[125  31]
805472707;[ 5 14  8 17 32  5 14 37 30]
3956085548;[ 57  60 217 220  57]
251653665;[  5  14 109  30]
1846427189;[38 60 35 57 60 38]
3430270885;[37 31 35 38 35]
2552489009;[38 64 61 64 61]
1173429718;[61 64 47 44 61 64]
898182398;[35 37 30 27]
3814471468;[ 57 217  60  57  60]
1454419090;[57 60 35 38 35]
1567901533;[61 64 36 27]
2425463607;[21 61]
3321331526;[ 37  30 122  66]
3239898542;[118  35 121  38  35]
2908740928;[44 47 44]
1378648621;[ 34 122  31 125  34 122  31 125]
1371680821;[30 27 57]
1050749724;[ 60 217 220  57 217  60 220]
1423588062;[ 40 125]
95325672;[122  27  69 125  30 122]
3492983586;[27 60 31 34 57]
2304302836;[ 43 217  40  43  40 220]
3075289851;[57 60 27 30 28]
1309929045;[29 37 30 28]
3641066523;[125   5  14]
185362065;[14]
1207901244;[38 35 38 35 57 60]
947116083;[57 38 60 35 38]
4047411025;[60 38 57 60 57]
3734753675;[31 61 34 64 31 61]
1607156133;[34 66]
786378207;[  8  17 118   5  14]
2619901459;[27 61 30 64]
3862913327;[57 60 28 57]
72127375;[35 60 57 60]
3160218587;[47 44 66 69]
3395480173;[ 40 121 118  43]
2913297047;[125  69 122]
3748813645;[44 35 61 64]
2866749126;[ 28 125  33  27  30 122]
3476590550;[27 30 57 60 27]
2511204946;[66 34 31 35 38 69]
3350935065;[37 57 30 60]
1008038319;[47 61 44]
2326629488;[57 31 60 34 31]
2562605110;[35 38 35  5 14 38 47  8 17]
3753126217;[ 27 125  30 122  27 125]
1077118760;[60 57 60 35 57 38 60]
4168090554;[64 35 47 44 61 64]
2181137161;[57 27 60 32]
658245259;[29 38 34 30 27]
2143018750;[33 27 31]
198498372;[38 61 64]
4053394563;[27 64 31]
1547990833;[ 31 125  34 122]
1903460848;[43 40 35 38 43]
2002076385;[28 57 60 34 57 60]
2706937174;[31 64 61 64 61]
4044111267;[116]
1621621817;[64 38 61 35 64]
1354716831;[43 27 40 32 38]
2743904427;[32 37 57 60]
1595503104;[34 31 35 38 35]
3874653708;[ 30  27  31 103]
1130629473;[109  40  18 125]
1019347282;[ 35  38 122]
2363306630;[28 34 30 29]
2502911744;[66 27 30 44]
2891219807;[61 47 64]
2646244903;[31 44 17  8]
137747149;[29 57 60]
1163025649;[ 5 14 33]
3258095375;[ 18 121  21 118]
3592174829;[ 27 125 122]
4088017139;[64 47 61 44 64]
2885554939;[ 60 217  57 220  60 217 220 217]
2736605288;[125  30 122]
2851281697;[ 57 122  60  57]
567525448;[220 217 220  57 217  60]
80791827;[38 61 35 64 38]
2871767824;[32 37 30]
885685393;[ 38  35  37 122]
4119234983;[35 37 31 35]
2280311417;[ 30  66 122]
4027488193;[ 38  34 122]
2194531822;[ 27  31 125  35  69]
941916589;[ 34  66  31 113]
2345434124;[ 57  60 217 220 217]
2963294997;[32 37 30 57 60]
1187344223;[ 27  31 125  35]
3110439720;[47 66 44]
1467578471;[217  30 220  27]
3400300701;[217 220  57  60]
1944674978;[ 30 122  27 125  31]
2772439767;[38 33 27 32 38]
279605661;[31 33]
1227094022;[38 35 38 57 35 60 38]
3837044211;[34 31 33 28]
3745015654;[37 32 37 31 34]
1280433457;[ 44  61 192  64 185]
3239767684;[57 35 60 57 38 60]
3893149193;[30 57 27]
3850376169;[ 47 121 118]
1171029595;[57 60 37 30]
2403283830;[38 60 35 38]
3859036187;[  8  17   5  15  66 125]
4218726870;[60 57 60 57 60 57]
517798861;[ 30 122  66  28 125  33 122]
4246829714;[69 64 38]
822600053;[61 64 47]
231686697;[28 33 27 31 35]
4165119961;[ 5 14  8  5]
1875337275;[118 121 118  43]
2340557672;[31 34 57 31]
2288500507;[61 64 47 44]
2128277565;[43 35 40 38 34]
378076209;[ 35  37  30 122]
2199444777;[35 69 38]
1338793543;[ 69 125]
1374646549;[57 60 38 34 31]
441946192;[21 27 30 44 27 18 30]
559310009;[31 34 31 35 37]
3612234628;[37 30 27 30 27]
2365187850;[32 57 60]
2263297709;[34 69 31]
936574983;[38 33 28 33]
4124907962;[66 27]
1564331731;[44 61 64 61 64]
3930170898;[57 60 29 57]
2889180117;[207  57  60 204]
3800271749;[125  57 122  60]
3831978591;[61 64 38 61 64]
281513045;[ 34 122  31  33]
3088068307;[29 38 33 29 37]
352383198;[31 57 60 34 57 60]
1013897019;[207  57  60  57  60  57 204]
515931050;[27 30 14 17 27]
3146826070;[33 57 60 27]
2471195633;[60 17 57  8 60]
885126330;[35 38 66]
3380736909;[ 35  36 122  27  31 125]
3234640636;[220 207]
652588184;[30 64 27]
4259128914;[66 35]
352447430;[27 30 28 57 33 60]
1996978142;[204  57  60]
3671509472;[34 31 34 31 35 38]
1313872645;[37 30 29]
1733049896;[113 100]
2284610425;[27 57 32 60 38]
1084584244;[57 38 60 34]
4208796057;[66 38]
1813504136;[ 38  34 122  31  34]
1375567571;[33 27 31 35 38]
3560534715;[ 37 122  32  38 125]
934662858;[ 34  31  34  31 125 122]
4019233361;[64 61 47 64]
2831934249;[ 27  31 125  34  31]
3785677283;[27 31 35 37]
3916443036;[125  30 122  27 125]
2380084249;[28 34 30 28]
4166302880;[31 64 35 61 64 38]
371168149;[220  34 217 220  30 217 220]
583108218;[ 57 220  60 217  57 220]
2911700730;[ 37 122  31 125]
948157097;[ 40 118 121  43  40 118]
3841546009;[31 34 31 35 38 35]
1503104950;[18 27 21 31]
1823146609;[31 69]
3596130151;[ 28  35 125  38  35  37 122]
2785429522;[ 31  44  66 109  35  38  69  35]
124196252;[35 64 38 61 35]
1606048819;[38 61 35 38 64]
2679130249;[60 30 27 57 60]
44818357;[35 57 38]
1803814676;[60 31 34 31 57 34 60]
1813942535;[31 35 37 43]
206978115;[125  57]
653935930;[  5   8   5 121]
3891587098;[ 31 125  34 122  32 125]
2282292709;[ 66  34 105  69  31  35]
2396861868;[28 34 30 27]
1346720923;[34 69 66 31]
2158914399;[57 34 60 57 60]
4156445789;[30 28 47 66 33]
369350009;[35 38 57 60]
4078420504;[35 57 38 60 35]
2010057640;[57 60 38 34]
3780241618;[61 64 47 44 61]
1654435503;[38 35 57 38 60]
370763517;[ 32  37  18  30 113]
223478985;[  5  14 121]
3357094462;[125 122  27 125]
606354016;[43  5 14 40 43 40]
3083557376;[ 43  40 118 121  43]
460207033;[105  32  38  44 109  34]
243726226;[  8  17   5  14 220 217 220]
1354330608;[ 33 122  29 125]
2837007185;[60 37 57 60 57 31 60]
2901029794;[ 31 125  34 122  31 125  35]
3876625712;[ 66  27  69 125]
213242379;[220 217 220 217 220]
1093047007;[ 64  27  31 116  34]
2115288932;[125  27  69]
3019330175;[60 30]
2970849056;[61 34 30 64]
4257842587;[61 30 27]
2495503310;[  8  21 114 192   5 185]
95302108;[47 44 61 64 61 38 64]
3418313754;[28 33 29 38 35]
2512526401;[ 57 217  60 220  57  60  57]
3457421711;[61 69 66]
2495972582;[32 61]
234997659;[ 37 122  31 125  35]
3336351830;[ 66 116 113]
323163930;[27 64 31 61]
3470796059;[34 32 38 34]
1222483043;[ 66 116]
416163970;[ 34 122  30  27  31 125]
2069885181;[121 118  31  34  31  35]
869553778;[57 60 30]
1396354017;[118 121  43]
2666760822;[35 57 60 38 57 60]
1880809486;[ 32 125  38 122]
2720269408;[35 57 60 38 35]
341582426;[ 28 125  35  37  30 122]
1567546413;[220  57 217  60 220]
901615757;[ 40  43 118 121]
3165944509;[27 21]
4151489940;[64 61 27 64 30 61]
3714345003;[31 57 60]
1141007709;[ 83 109]
503231778;[57 34]
1409119045;[64 27 47 31 44 61]
2894086085;[  8  17  34 116  30   5  14]
155478104;[35 38 35 37]
2581338648;[47 18 44]
2727050533;[34 57 60 31]
2316653788;[40  8 17 43 40 43]
3538013651;[64  5 14 33]
1296793749;[31 35 64]
4091273410;[ 43 220]
2415923265;[60 57 61]
2177007089;[122 125  30 122  27]
4458315;[57 60 30 27]
1991816274;[ 35 125  36 122  27  30]
3796740960;[112 207]
3722136053;[60 38 35 57 38 60]
461372352;[118 121  43  40  43]
545025581;[38 33 57 60]
1359405487;[38 33 29]
3036079685;[27 32 38 35 38]
2161319473;[27 43 40]
588327944;[38 43 40 34]
2173851662;[29 57 38 60 35]
929899593;[ 38 122  35 125]
3952804650;[118  30  27]
1199056387;[35 57 60 38]
3178093269;[207 204 207 204]
4288658140;[ 27  69 125  30 122  27  66 125]
1267960101;[ 38  44 109  34 113  32]
953569405;[51 48 51 48]
436937944;[27 57 31 60 34]
1837921035;[35 60 57 60 38]
1480963238;[31 60 34 30]
2855867190;[  5  14 121  37 118  31 121]
1161659465;[ 35  37 122  31  34  31]
1292679819;[217 220 217 220  57  60 217]
369231776;[38 47 34]
1424913815;[217  57 220  60]
1079403804;[118 121  40 220]
1868159698;[ 60  18 129  21  57 126]
3949628257;[ 34  30 122  66  27 125]
4058838027;[28 35 38 35]
270763142;[  4   3 125  10 122   2 125]
1203801729;[38 66]
953900442;[47 64 44 61 64 61 64]
301246084;[ 27  31 125  34  30 122]
2337481485;[ 60 217  57 220  60]
2766479184;[ 34 122 125]
912770946;[122  27]
200689177;[60 69 57]
55271535;[33 28 35 37 30 27]
4025176192;[27 30 57 27 60]
3636404331;[34 31 61 64]
179626437;[ 34  31  33 122]
1760861655;[61 69]
666187174;[31 43 34 40 30 27]
34135214;[35 38 57 60 35]
4117304412;[35 57 38 60 34 31]
1353079087;[ 29 125]
4214822383;[61 64 60 57]
2709936043;[ 57  60  57 122]
3419270866;[ 38  34 122  31 125  35]
3024715924;[64 36 61]
2604987180;[ 28 125  34  30 122  27 125  32]
3329801983;[ 27 125  30 122  66  69  28 125]
2044326787;[ 60  57 204  60 207  57 204 207  60 204]
995249459;[ 5 14 43]
85215903;[60 29 36 27 30]
1792322823;[57 60 37]
2710087386;[ 8 61 22 48  5 25 51 22 25]
1078935889;[ 5 14 37 30 18]
4106685950;[220  38  35  38]
4072879366;[61 27 64 61 64]
1921764087;[ 89 115  40]
171014178;[ 57 217  60 220 217 220]
2736740823;[ 43 118 121]
4077154337;[ 27 125  32  36 122]
1531651295;[44 27 30 47]
2753751258;[217 220  38]
2132311394;[40 43 34]
941506347;[31 35 37 31]
315600061;[69 31 34]
2163179912;[ 30 122  28 125  34  30 122  27 125]
151746316;[33 57 60 27 30 28]
1370396423;[31 35 43 38 40 35 38]
3982323956;[31 34 32 38 34]
147676776;[69 30 66]
1345229517;[ 47  43 118  60 122]
221080512;[125  31  35  66]
56902542;[43 40 43 40 43 40]
2429241783;[29 38 35 38]
3251031982;[47 44 61 64 61 64]
2864315818;[ 27  30 204  27 207]
4002752210;[37 30 27 57 60 32]
3258193258;[36 27 32 38]
3518666666;[ 35 207  38 204  35]
1482226149;[31 34 31 34 30]
3557523240;[35 57 60 57 38 60]
2670855343;[ 66  44 109 103]
1551422446;[38 43 35 40 38 35]
537302146;[37 31 61 35 64 61]
2703844539;[32 38 34]
679064574;[38 34 57 30 60 27 30 29]
1933953565;[ 27 125  30 122  27 125  30 122]
3083133772;[37 31 34 31 34]
1051867362;[ 8 17  5 35]
110625998;[40 31 34]
3703332603;[46 64 41 61 64]
142128392;[31 64 34 31 34 61]
3789215082;[57 60 35 57 38]
722991398;[ 40  43 118]
998917223;[38 35 57 38 60 35 57]
1515999525;[ 31  33 122  27 125]
34363494;[7]
2017008403;[31 60 57 60]
835998540;[57 60 28]
2165353876;[ 31  57 125  34  60 122  31 125]
2174624983;[60 57 60 57 38 34 60]
2341838736;[ 37 122  30]
3509956509;[27 43 30 40]
3534149154;[38 35 57 38 60 57]
82766302;[ 38  34 118  31]
3819981149;[ 34 122 125  31]
2863310403;[ 18  66 121  21]
3131578295;[ 34 220  31 217  34]
2484917156;[ 17  14 122]
896419602;[38 57 60 34 57 31 60]
2513055296;[ 35 125  36 122  28 125]
128312900;[29 36]
2610017416;[21 40]
4225446629;[35 44 61]
2071524293;[61 64 38 61]
2777793606;[21 18]
3943123913;[38 60 57 60 57]
1910442376;[64 61 27 64 61]
3333471311;[57 31 34 60]
1412542238;[ 69  38  34 122]
4044298320;[31 34 31 34 31 34]
1890404180;[30 29]
2578104011;[33 28 57]
3907238269;[37 31 35 37]
402473430;[61 64 61 64 31]
333189922;[43 60]
4251148599;[37 30 43 40 28]
3577597237;[ 30 122  27  32 125]
2956661024;[44 30 47]
3723513856;[ 34 204 207 204]
436121302;[57 38]
2616888359;[38 34 31 35 38]
3775347723;[38 60 57 60 35]
2134944424;[43 40 30]
1446641929;[ 69  38  33 122]
1485383024;[61 64 61 47 64]
1155049955;[27 31 57 34 31 60 34]
754017140;[35 38 34 31 35]
1878964623;[28 35 61]
2193090377;[35 38 35 38 34]
2233119552;[122 125  32  38  34]
2482808362;[ 38  34  30 122  27]
344206958;[ 30  44  66   8  17  27  30  69 118]
3204089601;[ 57  60 122 125 122]
611332945;[ 40 118  43 121  40]
2499702922;[ 60 125 122 125  57  60]
2061281823;[ 33 122  27  31  33 125  27 122]
460232303;[60 31 34 57 60]
1568786135;[34  8 17 31]
800629981;[40 43 40 38 43 40]
1681172649;[31 69 34]
2493967530;[30 27 30 28 35 43]
3218937910;[17 14  8 17  5 14]
1936078806;[34 69 31 34 66 31]
1303628800;[ 27 122]
2184052847;[17  5 14]
2281874802;[57 34 60 31 57]
1146445321;[ 69  66  28 125]
1353226182;[ 28 121]
2107725637;[ 33  27 204  32 207  38  35]
2470157259;[125  31  35  38  69]
3454018440;[34 32 38 35]
3924957790;[ 35  69  66  37 122]
4264526996;[60 27 57 60 57]
3923545420;[ 9 47 12 44 21]
2266428788;[ 43 118  40 121  43  40]
2347300305;[27 32 37]
3842779839;[96]
2669756932;[31 35 38 34 31]
2876449330;[60 38 57 60]
503512289;[60 57 60 38 35]
584576561;[38 61 35 64 38 61 35 64]
2667658871;[ 43 122 125]
1437605778;[38 60 35 38 57 35 60]
3452388421;[57 60 35 38]
1754202557;[31 43 34 40]
3223426582;[17  8 14]
4175240819;[66 36]
3478328271;[118  40 121  43]
1591682893;[27 31 35 57 38 60]
4051503175;[33 57 60 57 60 57]
3503370446;[35 60 38 35 38 35]
1738643421;[40 27 43]
2047843919;[204 207  57]
513208432;[217 220  57  60 217 220]
2920481124;[38 33 27 30 57]
3608031489;[ 31  66 108  35]
348908647;[ 43  40 118 121 118]
4161829908;[ 18  48 192   9  22  51  64 185]
709151626;[44 18 21]
3638075789;[57 69 60]
1339926376;[ 66 125]
1637582325;[64 61 64 37]
1406639494;[ 64 125]
3076052210;[36 27 31 35]
2188089744;[34 31 35 69 38]
1600494929;[18 69 48  8 51]
940043386;[61 64 38]
2235816619;[ 60 204 207 204 207]
2003280984;[61 64 47 61]
2804517525;[35 38 40 43]
4048120129;[35 38 57 34 60]
2801221128;[60 35]
139095771;[60 27 57]
3247005493;[30 27 64 61]
1259775703;[27 17  8  5 14 17]
2866292347;[64 38]
3370322149;[61 35 64 36]
2668118096;[217  66  18]
420529787;[38 61 64 61]
557003934;[60 38 35 38]
3805183246;[ 27  31 125  35  37]
4123775129;[69 35]
4287779316;[ 21 204]
2859495678;[ 38  33 122  27 125]
889347374;[217 220 217  57 220  60]
2836850276;[60 57 60 34]
3487336214;[ 44 100  47]
3194981407;[25 48 22 51 48 25 51 48]
3173188866;[38 69 34]
3847260520;[ 18  66 109]
3665389604;[ 27 125  31  34]
565033598;[ 40 121  43  40  43]
2315346591;[28 35 38 34 61]
2323111347;[ 36 122  28 125  33 122]
3456541986;[30 61 27 64 31 47 44 61]
119283195;[18 47 44 66 21]
3063583143;[38 57 60 34 31]
3675000040;[57 35 60 57 60 38]
1097608845;[ 21 118  18  34 121]
3146617486;[ 43  40 121  43  40]
3503097408;[ 69  30 122]
1501837553;[38 57 60 57 60]
92879632;[ 36  57 122  60]
3188956834;[ 8 17 69 35]
2561884065;[  8  21 125]
4098959052;[ 38 118 121]
1422455229;[ 35 125]
1212905654;[31 35 69]
3015029473;[18 21 27]
976004145;[36 28 33 57 60]
3392636882;[31 66 34]
4183571021;[60 28 35 38 35]
943996978;[64 38 61]
1818592188;[122  33  57  60  57  60]
3193417878;[122  30  27]
1753837911;[ 8 17 96 14  5]
1736084498;[121 118  64]
123071948;[217 220 217 220 217]
2771234021;[ 34  31  44  66 109  35  38  69]
4041606316;[37 31 34 57]
1167302238;[ 38  34  30 122  27 125  31]
404379014;[ 32 125  38  34]
2276730702;[27 64]
1823526708;[57 60 35 38 57]
4056182076;[31 34 57 31 60]
320191760;[57 37 60 30 57]
145629914;[ 34  31  34 122]
244682839;[ 30 122  27 125  32  38]
1960249788;[36 27 31 35 38]
3249782753;[27 32 38 35]
70549399;[38 35 47 38 34]
785020700;[ 31  34  30 122]
806133968;[53]
2988308514;[18 33 21 28 35]
508977152;[31 34 31 35 38]
3258174832;[57 60 38 57 35 60 38]
1356624681;[ 43 121]
3832884822;[ 27  21  31 220  18  33 207  21  29]
2553812089;[38 66 35 69]
1257714772;[  9  19 121  66 110]
3336896283;[ 66 113  69]
2012124123;[ 38  57 217  60 220]
2899865515;[27 32 57 60]
1775020943;[40 27 30 27]
280738494;[36 57]
2098075678;[57 60 57 38 60 35]
1864344365;[ 28 125  34  31  34]
4120221659;[125 122  32 125  37 122  31]
545921510;[38 35 57 38 60 35 38]
2592320631;[51 21 48 18]
2757052689;[122  31 125]
1970341264;[ 28 125  34]
654494634;[125 122 125  31]
2985627842;[61 30]
1977776909;[36 28 34]
2392114250;[ 57 217  60 220 217]
214327601;[ 31  34  30  28 125]
1236915682;[ 37 118]
1006282600;[57 29 60 57 60]
301819143;[109  27  21  31 220]
3544871377;[ 33 122  27 125  57]
214909078;[28 33 27 31 34]
3879985666;[31 61 64 61]
773314046;[34 31 57 60 57 60]
1838607475;[43 34 40 30 43]
3182291520;[220  57 217  60 220 217 220]
2588056116;[ 31 125  35  66]
745389769;[31 61 34 64 31 35 38]
246376604;[29 61 38 34 31]
1984010033;[33 27 66 30]
884732778;[36 29]
2140134946;[18 38 35 21 38 35]
3341374500;[38 57 35 60 57 60 38]
2807767506;[31 35 38 34 31 34]
2563083058;[32 57]
1620331645;[ 43  38  40  35  43  38  40 118 121]
3783515830;[38 35 57 60 57]
3811317327;[33 27 30 28 34]
506598723;[40 27 30 27 30]
2111192985;[38 64 35 38 34 47 32 44]
122192111;[30 28 35 57]
2110632895;[ 21   8  17  29  61  38 100]
3922197571;[  8  17   5  14 112  18]
1781152202;[57 34 60 31 57 60]
1930144182;[95 92]
2841236566;[31 57 34 60 57]
3107836050;[38 57 35 60 57]
2209580963;[38 34 30 28]
145090519;[29 37]
1531533320;[31 34 60]
2272783922;[27 57 60 30 57 27 60 31]
2788046191;[44 27 69]
2209394779;[ 30 118  28 121  35 118]
3016943688;[ 43  40  43 118  40 121]
3172638370;[ 38  34 122  30  27]
3465638794;[69 35 38 35]
2387495766;[47 36 28]
101243292;[125  18  43 122 192 185]
4287727096;[ 47 112  66]
3804016251;[ 8 17 43]
2267200307;[217 220  57]
756443474;[38 57 35 60 36 28 33]
2858951225;[ 38  33 122  28 125]
3775669363;[100]
1504378706;[ 5 14 38 34]
2350822614;[66 30 44 69]
2129859595;[ 8 20 40 43  5 14]
351145424;[40 34 30 43 40]
3104899063;[220 217  43]
3406896205;[220 217  57]
2936212427;[ 34  31  34 118  31]
2268135629;[ 38  34 122  31 125  34 122]
3763268614;[30 60 57 27 60 31]
1139722129;[30 44 27 47]
2873002346;[ 60 217 220  57 217  60 220  57 217  60]
80345071;[35 37 32]
1387712338;[37 32 38]
2245228809;[ 57 204  60 207]
3029165596;[31 34 31 57 60]
2345084415;[125 122  31  35 125]
2398628261;[ 31  66  33 122  29 125  38]
1149330017;[ 40 121  43  40]
2250316457;[31 35 38 34 32]
1346809956;[38 35 57 60 57 38 60]
1177644538;[ 31  34 122  32 125  37 122]
3168402263;[35 38  8 17]
2891351306;[36 27 30 28]
3212885725;[ 5 14 17 14]
3459459572;[122 125  35  38  35  38]
2452742666;[60 30 57 60]
3507380868;[31 33 27 30]
3012753187;[61  8 17]
1053446973;[ 35  37 122]
887547068;[ 31 100  34  31  69]
2778926439;[18 40]
1953593773;[31 34 32 57 60 38 34]
1866969049;[38 34 31 69 34 30]
310884035;[34 30 27 31]
1270618015;[ 36 118]
608764275;[31 34 69]
1591134232;[118  27  66 121  30  27]
2359602093;[37 64 31]
1202227611;[28 66]
3146294233;[ 27 125  30 122  66]
741244758;[43 40 43 40 31]
1971534679;[61 64 38 61 35 64 38 61]
3856905412;[37 31 35 38]
3648858861;[ 40  43  40 118 121]
3510222857;[ 30 122  27 125]
4184215827;[ 30 122  27 125  31  35]
2962354273;[  5  14  40 125]
428083872;[ 35  37  66 122 125]
1382666690;[47  5 14 43]
2813093002;[ 37 118  31  33  28]
2156423377;[34 31 69]
636080510;[ 66 122 125 122]
665343803;[28 34]
4189375450;[37 57 60 30 57 27 31 60]
1282846320;[34 30 57 60 57 27 60]
4278559611;[34 32 38]
870739493;[ 37  31  34 122]
3783170036;[28 57 35 60 57 60]
2626316932;[ 32 108  38 103  34]
853342761;[122  31  35 125  38  35]
1352828824;[ 18 125]
141866616;[35 38 34 32 38]
3399071482;[118 121  43 118  40 121]
3996520446;[35 61 64 47 61 44 64 38 61]
3301242755;[57 60 34 31]
2402602428;[32 36 57 60]
2555509561;[122 125 122 125 122]
4186135625;[  9 125  40]
2731691845;[35 38 33 28 34 30]
99543921;[ 38  34 118  30]
4102457364;[35 37 31 34]
166079495;[37 31 34 32]
1394339334;[34 43 40]
3862362578;[60 38 35 38 35 57 60]
3266098026;[38 61 35 64 38 61]
2930611500;[34 31 34 32]
1564703189;[ 34 122  32 125  38  35  38]
1500748800;[207 204  35 207]
1934346513;[27 31 34 31 35]
4085609245;[14 30]
2079899180;[204  57  60 207 204  57]
3296616880;[35 38 35 38 35 38]
1164593086;[27 30 27 30 27]
4014622592;[60 27 32]
1420366762;[113  21  18  21]
415977986;[ 57  60 220  57 217]
2106548609;[ 5 14 43 40]
294106416;[34 30 27 30]
285477549;[27 31 64]
231180188;[ 34 122  31  34]
4200309234;[60 28 35]
2862639474;[ 34 100  31  34]
1942887374;[35 61 64 61]
1181177823;[ 37 122  31 125  35  37  31]
3631327912;[57 60 57 31 60]
880425929;[121 118  21]
218917303;[8]
3386451272;[43 40 27 31]
3093316963;[121   5]
1852876751;[ 40 118  43 121 118]
3627896633;[48  5 14 51]
4269816266;[66 37 31 35]
3582075974;[30 61 27 31]
2371318806;[ 31 207  34 204 207]
1262410836;[ 35 125  38 122 125]
3828017755;[27 57 30 60]
991858293;[207  57 204  60]
2060296448;[35 38 35 57 60]
23243210;[217  57 220  60 217]
4155685184;[14 17  5 14  8 17]
1698325538;[ 38  33 122  27 125  31 122 125]
529643608;[ 47 112  34]
1960999290;[36 28 35]
258443805;[122  34]
1417239207;[ 5 14 18 21]
1644928868;[37 30 27 31]
4150643468;[ 27 121 118  31  34]
212200995;[29 57]
1759644130;[35 37 69 32 38]
3857002472;[ 66 113 100]
4224313796;[35 37 57]
3452615286;[60 34 57 60 57 60 57]
2281352023;[ 36 122  27  32 125]
2621816019;[ 61 192 185]
1172111692;[ 60 112  57  60]
98612777;[34 60 31 57 60]
1741989966;[57 60 34]
24375945;[ 27 125 122  30]
1333979674;[ 33 122  27 125  30 122]
356220276;[61 64 61 35]
4084348670;[14 43  5  8 17]
2676168615;[ 21  30  93 109   8  17  28 112]
1774592053;[ 44 109  69]
3460418784;[ 35  38  34 122]
1048418777;[ 69  66  69 122]
1408197186;[ 35  38  34  30 122]
1739405609;[30 18]
3490976949;[61 69 64]
603533681;[35 69 66 38 34]
3947307320;[35 38 57 35 60]
576806163;[ 43  40  43 118]
3058483370;[44 61 64 61 64 61]
1451696730;[35 37 31 64]
4216882173;[27 43 40 30]
348018565;[ 5 14  8 17  5 14  8 17]
1462342326;[99 96]
2487417978;[60 38 57]
1476333680;[ 57 100]
1598750662;[57 27 60 57 60]
1340080292;[36 29 38]
3525537292;[57 28 60]
1228255789;[60 38 34 32]
2049450131;[ 57  60  57  60 220]
763890946;[ 9 18]
4096562597;[60 27 57 60]
3557877092;[34 31 35 38 34 31]
1953122836;[35 57 38 35 60 38]
838345824;[30 27 61 32 37 64 30]
2778178957;[  8 118 121   5   8  47 118  17]
1972873973;[ 31 125  34 122  32 125  38  35]
2282424443;[44 61 38 64 61]
2185271593;[29 57 60 38 34]
3070237954;[217   5  14  30  18 109]
1116062238;[ 57  60  57 217]
3604688763;[37 61 30 47 64 44 61 27 31 64]
2174939545;[220 217  38  35]
2688420261;[ 31 207  34 204 207  31 204]
1705438759;[ 69  34 122  30  27  66]
88436944;[38 35 38 57 35]
2378874387;[47 27 30]
1272815900;[ 66 113]
442246135;[ 18 125  21 122]
1599610624;[ 43  40 118  43 121  40]
3780321436;[38 34 57 60]
3728200258;[113 116  69 113]
439168005;[30 61 64 27]
1966073399;[ 5 14 38 34 31]
2142757520;[35 38 35 38 33]
3700016489;[ 57  60 217 220  57 217  60]
2756218639;[ 35 125  38  35  57  38  60  34 122]
3387115691;[207 204 207  57 204  60 207]
1267268287;[ 27  32 125  37 122  31]
1632966488;[27 43 40 31 34]
2512750201;[32 60]
3671940454;[207 217 204 220  57 217  60  35]
269287778;[35 44 66 38 33 28 33]
1989462923;[43 14  5]
172274898;[22 12 25]
2886463006;[38 35 36]
3512283300;[43 38 40]
2164756706;[35 66 38]
3658593757;[ 27 121 118]
3029906034;[  5  14  47 121]
4111236790;[ 31  35  36 122  27]
768652908;[18 30 21]
3342264351;[34 60 30]
2586848442;[31 57 35 60]
3103071175;[61 21]
1406096606;[ 69  66  38  64 118  61  64  61]
3638156901;[30 28 57 35 60]
949487837;[61 69 66 64]
1170353166;[220  57  60]
1397026627;[31 35 38 35 38 35]
4226419661;[48 51 48 51]
426175044;[32 57 60 38]
1012027078;[ 5 14 40]
3550219631;[30 27 57 60 30]
1813694006;[220 217  57 220 217 220]
3871450033;[18 38 35 21]
2569022912;[ 43 118 217  40 121 220]
2008329938;[35 38 35 57 60 38]
2130280931;[30 64 61 27]
2576909390;[38  5 14 33  8 17 27  5 14 30]
2990956971;[ 30  27 125  32]
3296949052;[ 38  35  38  34 122]
2952732239;[ 28  35 125]
523448696;[60 38 35 36]
1331252585;[27 64 31 61 64 61]
1547839783;[ 64  27  31 116]
732592572;[  5  14 121  18  21]
2421440335;[60 31 57]
1412924759;[35 64 38 61]
2715293776;[64 47]
1328539262;[27 30 27 31]
1149830644;[61 64 61 47 44]
3538886689;[ 27  32 125  37  31]
689856907;[ 27  30  28 121]
1917565652;[31 35 43]
3487944889;[37 31 34 30]
2366474873;[37 32 66 37]
2729726415;[27 47]
983234281;[ 34 122  31 125  34 122]
2570101432;[ 37 122  31 125  34 122  30]
2484339399;[217  18  66 220 217]
3311084890;[ 37 122  32 125  57 122]
3317207995;[ 38  34  57 122  60  57  60]
2012248434;[27 61 64 61 64]
2006918722;[32 38 33 57 27 60]
3460902177;[ 27  30  27  31 125  66]
1993030914;[  5  14 192  43 185]
3895349678;[32 36 27]
625579947;[118  64]
3482868338;[ 35 125  38  35  37 122  32 125]
3518641222;[ 38  33  27 204  32 207]
1145874507;[37 43 31 35]
1465687434;[27 31 64 35]
2879588173;[ 60 217  57  60 220]
140119002;[ 30 122  28 125  34 122]
810672214;[ 66  28 125  33 122  27]
4244847591;[ 18 109  21]
2377383920;[217  57 220  60  57 217  60 220 217]
382804462;[64 47 61 44 31 64]
1925751886;[28 57 60]
3895145175;[33 29 37 31]
1663967944;[109  96]
816250739;[207  31]
1851457662;[ 47 204 207 121 204]
2144700051;[34 30 28 34 31 33]
2903995538;[217 220 125 217]
970130221;[38 33 28 35]
4266026207;[112 103  29]
2911281192;[34 31 33 27 30 28]
3999101575;[31 34 32 38 35]
3515917317;[47 61 44 64 61 64 61 64]
2098511313;[125  27  66]
3767871044;[38 35 57 37 60]
1552223188;[36 28 35 38]
3922471062;[220  61  64]
348687613;[35 61]
4183449795;[43 40 44 47]
1039276943;[50 64]
1464055581;[43 34 40 31]
3827888754;[60 34 57 31 60 35]
3745949826;[ 30  27 125  31]
2848004585;[ 35  38 207]
2657949295;[27 69 32 66]
3022093495;[57 37 60 32]
3472838448;[ 66 122 125]
759867674;[60 27 30]
2389761863;[48 51 48 51 48]
2714502674;[38 34 61 31 64 35 61 37 64]
888784772;[ 31 125  69]
3452706048;[31 34 31 33]
177089579;[ 64  61 118  64 121]
3891041827;[ 40 118  43 121]
2981190692;[ 69 122  66]
3897364845;[69 37 30 28 66]
991980614;[103 100]
2577410566;[30 18 21 27 31]
3260069362;[31 33 27]
3126453753;[35 60 36 28 33]
1289230702;[217 220  57 217  60 220]
205015242;[ 69 103  47 112]
2133619930;[ 31  34  31 121 118]
1898768143;[ 27 116  31]
3622399349;[ 27  32 121]
315879383;[217  57]
2271937977;[64 34 61 31 64]
269552938;[27 57 60 32 37 30 28]
2782547013;[35  5 14 38]
3687121649;[57 60 27 57 60 31]
969349011;[109  30  44  27]
100083437;[122  33  27]
2531557244;[ 44 109  69  33]
4055247530;[60 34 31 34]
1699008093;[ 30 122  27 125  30 122  27 125]
3319278314;[34 32 38 35 38]
1213845901;[ 38  33  27 122  31 125]
2197513817;[ 69 116 113 116]
4048742437;[ 40 118 121  43  40]
1044272497;[64 35 61 64]
1638139195;[207  57  60]
289551961;[35 38 34 57]
2792454268;[116  47 112]
3712388321;[217  57 220  60  57  60 217]
1002155307;[27 40 31 34]
2680751267;[ 37  31  34  30 122  27  66 125]
81633469;[ 38  34 113  31]
1956824777;[ 27 125  69 122 125]
2840274770;[30 66 27 32]
1497740857;[31 60 34 31]
4215548940;[21 27  8 17 32 69  5 14 38]
1533025728;[ 36 118  28 121]
4044656763;[ 21  61  18  21 109 112]
3347728461;[8 5 8 5]
3060128830;[61 38 64]
1697053897;[118   5  14   8  17]
3532838336;[57 34 60 57 60 31]
3029470204;[29 37 43 32]
1075285273;[30 64 61 64 61]
1751384489;[44 61 47 64 38]
2855191135;[ 57  60 125 122]
3213258655;[30 27 30 28 33]
2659662946;[ 18 192 185]
3110047244;[ 37  30 122  27 125  30 122]
2793824138;[ 57  60  57 125]
2504462640;[64 37 30]
1948310582;[31 35 36 27]
1814553244;[61 64 47 61 44]
644616153;[61 64 37 61 31 64]
4246196694;[35 57 38 60 57]
59603022;[27  8 17 31]
3407948764;[ 69  64 116]
2377918636;[  8  17 118]
2575239338;[44 66 69]
3443301114;[ 43  40 220 217  43]
1456972351;[ 64 122]
247133405;[27 32 37 30]
2464068845;[37 31 33 27]
3032656942;[47 17  8 44  5 14]
3794372812;[ 60  57  60 220  57 217]
1706194503;[ 8 17  5  8]
3236635700;[30 66 69]
1403853229;[ 30 126]
2807991663;[25 12 21 18]
3746664271;[47 44 61 38 64]
4024015839;[40 18]
4081302153;[  8  17  40 192 185]
3742003520;[122  57  60]
1682678986;[31 35 57]
1646434007;[ 38  33  69 122]
3226938347;[43 40 31 43 34 31]
1392946762;[ 5 14 30 27 43]
4151840425;[21 18 21]
3482661327;[ 27  66 125]
820680720;[32 36 27 30]
2158157419;[ 66 113 116 113]
2864373739;[217  35 220]
88943800;[27 32 37 31 34]
603833746;[30 60 57 60]
2664786412;[ 8 17 14 27 17 31  5 14 34]
1990129633;[  8  17 118  35  38]
1194192693;[ 29  38 125]
2886790016;[220 217  38]
3524236357;[ 66  27 125]
819195208;[34 57 60 57 31 60]
4074575105;[66 30]
3634169284;[38 57 60 35 57]
4086745470;[61 64 61 37 32 36 64]
3523397714;[ 66  28 125]
1387064754;[ 30 122  66  27  31 125]
3474399798;[60 57 60 28]
3798961650;[ 33 122  28 125  35]
551224673;[ 27 125 122  32 125  37 122]
3142523426;[  8  17 122   5  14 125]
49662895;[21 28  8 17]
1479110188;[32 38 34 31]
4279495609;[60 57 29 60 36]
2285004528;[31 35 38 43 40]
845170255;[38 64 35 61]
3366372964;[38 35 57 38 60 35]
1468446893;[64 61 35 64]
3633354188;[34 30 27 31 35 36]
183114337;[  5  14 121  38  34 118]
3377902257;[36 27 30 57]
2301328778;[32 37 32]
2556386060;[47 61 44 64 61 47 44 64 61]
127135861;[31 60 34 31 35 57]
3269221027;[47 18 21]
969602228;[ 47 112  27  31]
1213358506;[ 5 14 36]
3598660913;[31 33 28 33 29]
3672354100;[60 33 57 27 60 30]
1782308776;[ 43 121  40  43]
3335543703;[61 64 61 30 47 64 44 61]
2512184111;[21 38 35 38]
3377306181;[ 66  28  69 125]
688357252;[43 40 27 43 40]
1425456370;[ 60 125]
1905936529;[ 38  35 113  38]
174115525;[ 30 122  28 125  33 122]
306300245;[14  5 34 30 27]
575771475;[61 31 35 64 61 64]
3702531634;[35 38 35 37 30]
230355786;[27 32 37 31]
1526810020;[57 27 60 31]
2213857368;[61 32]
1195004889;[47 44 21]
2439526602;[35 38 69 35 38]
1137030259;[37 32 37 30]
3959382500;[125  57  60 122  32 125  37  57  60]
1585778426;[36 28 35 36]
1863980181;[38 34 32 36]
3421372758;[ 66 125 122]
3565762409;[ 18 121  34  21 118]
870025997;[35 44 69]
3869201065;[122 125  35]
2811890431;[20 14 18]
2677127892;[21 44]
2576772873;[204 207  57  60]
619403593;[ 8 17  5 14 18]
3884312812;[38 35 38 35 37]
713730642;[ 38 116  47  34  30  44  66]
4231592832;[27 31 34 30 27 32]
1331465390;[35 38 35 57 60 38 35 57]
2281208161;[34 66 30]
3650221818;[38 34 57 30 60]
2375630789;[57 27 60 31 57 34 60 30]
400268586;[43 34 30 28]
3489752515;[ 27  30 125]
3008412164;[ 37  30 118]
3893112696;[109]
3887349003;[38 35 44 47]
3179527812;[44 64 61]
753780248;[60 38 34 30 27]
1792228826;[ 5 14  8 17  5 14]
2973171720;[ 43  40  43  40 118 121]
1346021160;[118 121  40]
3471731658;[122 125  31  66  35]
4026323785;[32  5 14 37 30 27  8 17 32]
4257916767;[34 32]
3486690746;[ 47 192]
922892067;[31 33 28 34]
2229039047;[ 34  31  57 125  35  60]
2292348937;[ 40  43 118  40 121]
1230136125;[ 5 14 37]
4139251489;[38 40 43 40 43]
2869189858;[ 29  47 112  36 103]
2894940823;[121   5  14]
2906036565;[ 37 122  32 125]
797449188;[38  5 14 34]
944851910;[ 27  30 113  69]
2937663553;[30 60 28]
930552233;[ 27  32 121  38]
2713269784;[27 40 30 43 27 30]
851585702;[ 38  35  38 122]
194186369;[ 60 109  57]
2298601447;[44 47 38 35]
2688665163;[ 38 100  34   5  14  32   8  17]
1752218585;[66 69 66 69]
1513994310;[ 31 125  33 122]
875156988;[57 60 38 57 33 60]
1966595424;[38 66 35 38]
3101714480;[69 38 66]
2537572209;[64 27 30 61]
1910238857;[27 30 57 60]
3438553100;[35 36 27 31]
3764399497;[44 47 31]
1751203744;[60 36 28 35]
2125029159;[ 30  27  69  66 100  31  69]
3362543910;[207 204 207  57]
3929156454;[ 66  27  31 125]
1011472606;[ 32  38 125  34 122]
507454278;[ 32  37  30 122  27 125]
2552221481;[116 113  69]
3027081655;[34 31 33 27 31]
2460081038;[40 27 30]
1567220499;[ 47   5  14 220]
3407423409;[64 38 35 61 38 64]
950515400;[122  32 125  38]
1511836540;[100 103]
3062112989;[30 27 30 27 30]
1242585388;[57 35 60 57 38 60 33 27]
1377379544;[217  57  60  57]
2720282178;[60 31 34 31 57]
1642410369;[60 57 38 60 34 57]
2669253156;[105  69  31  35  38  35  66]
3797204903;[31 34 30 57 27 60 31]
2030335039;[57 34 60 31]
1329809829;[18 21  8 17 44]
3036914524;[ 28  33 122]
1859022919;[60 38 35 57 38 33 60 27]
3417162451;[34 31 34 69]
293608033;[34 31 34 57 60]
2155792718;[ 69  27  30  27  31 125]
2681713878;[27 31 34 57 32 60]
2910792959;[31 34 40 30 43]
1993482655;[47 27]
3156909717;[47 44 47 66 44]
289717596;[30 27  8 17 32  5 14]
3408619763;[ 57  38  60  57  60 122]
1914623094;[27 30 28 34]
1253234081;[ 34 122  31 125  35  38  34 122  31]
2971218323;[60 57 61 64]
22151097;[112  27  31]
3556323025;[ 31 125  34]
2674697190;[  8  17  27 112   5  14]
3624861438;[31 61 34 31 64]
1487594229;[ 31 121]
4125655631;[61 64 28 47 44]
1218363249;[34 57 60 57 31 60 35]
63600147;[35 37 31 35 38]
2529895865;[38 57 35]
2736976375;[30 27 31 34 30]
938173150;[31 57 60 57 60]
1107181862;[122  34  31]
3611089685;[31 57 35 60 38 35]
1307678567;[35 38 34 31 66]
3964404478;[113  69  38  35  38]
1382213322;[220  60  57 217  60 220  57]
3026834769;[ 57 220  60 217  57  60 220  57]
1261958122;[60 38 33 28]
4114020917;[129  27]
1196243675;[35 47 37 31]
4229282424;[ 30  43  29  40 121  38]
2116867765;[ 35 121  38 118  35 121]
3503700459;[31 35 66 38]
1269632277;[ 30 118]
316408230;[57 60 30 57 27 60]
4161709145;[38 34 66]
1882394156;[ 31  35 125  38  34 122]
1723069275;[27 99]
456784323;[17  8  5 14  8  5 17]
1912257355;[ 5  8  5 14]
977506472;[31 43 34 40 30 27 30]
801238235;[35 38 69]
3861425898;[27 57 31 60]
2018269419;[113  21]
1767137137;[64 35 38 61]
1036210505;[ 47  35 112  38]
3328998927;[ 9 18 12 21 17 44 14 47 18]
2613117919;[ 35  38 217]
1340188261;[ 48 220 113 207]
1431943777;[27  8 17 31  5 14 34 17  8 31]
137815843;[60 35 57]
1478552095;[27 30 29 38]
4148154068;[35 38 33 27]
193338472;[27 30 28 33 27]
440012034;[47 44 64]
2972358471;[57 60 27 32 38]
3724648868;[ 43 122  60]
2920666505;[44 34 47 31]
3029825936;[38 18 33]
2454010775;[33 43 40]
645681885;[61 63 58]
2218642402;[ 35 121  38  35]
3282804410;[  5  15  38  43   8  20  33  40 192 185  27  31]
8522943;[220  57 217  60 220  57 217]
4044582978;[18 31 34 66]
922124405;[57 31 60 35 38 57]
988208659;[61 38 64 35 38]
1527541122;[18  9 22 24 12]
1664395030;[31 69 35]
2462797021;[29 38 35 36]
3866733743;[109 112 109]
38069092;[116  47]
2181786133;[30 57 27 30 60 28 34]
153590654;[ 66  27  69 125 122]
228740678;[57 60 28 35 57 38 60]
2980465590;[27 69 31]
2967672729;[60 57 35 60]
3731299711;[ 28 121  35]
3013838380;[ 32 125  37 122  30  29 125  38  33 122]
2700513477;[ 57  28  60 125  35  57  60]
1548859873;[57 34 31 60]
52669208;[125  32  66  38]
2467863774;[40 43 30]
2397486621;[60 57 34 60 31]
1277061320;[31 35 37 43 31]
1275660947;[ 43 121  40]
804354598;[57 60 38 35 57]
225301965;[60 35 57 60]
2495825487;[33 57]
4042060408;[28 35 38 34]
1875467203;[ 43 118  40 121  38]
807792270;[66 34 31]
4142495469;[ 34  31 125 122 125  35]
287646382;[38 57 34 60 31 57]
2417005459;[38 33 27 31 35]
1463049165;[38 47 35 44]
2662615939;[27 43]
1869462044;[ 27  32 125  37  30 122]
2013516761;[ 43  40  43 118  40 121  43]
425553681;[ 60 220  57 217  60]
1756183228;[30 21]
736466823;[36 57 60 27]
1869095229;[122  66]
50912833;[35 38 57 60 34]
1438738949;[ 21  48 121 118  51  48  51]
3606197462;[ 5 14 34 31 17 14]
2250952046;[ 34  31  57  60 125  34 122]
3865340201;[118  43  40 121]
943393930;[125  31  35  38  34]
3550594620;[57 31 60 35]
3136188635;[220  47   5]
623955637;[125  57  60 122]
2847130485;[ 38  34  30 122]
2066858577;[27 57 60 57 31 60]
2753616717;[ 60  57 217  60 220]
3774250479;[217 220 217 220  57 217]
569070736;[ 8 17  5 14 17]
2763878291;[ 60  57  60  29 125  37 122]
1960300921;[64 28]
1161182885;[204  57 207  60]
2397580937;[207 204 207  30 204]
1587802316;[ 30 122  27  66 125  31]
2388988732;[122  27 125  31  34]
3542966276;[220 217 207 220 217]
1696499202;[31 35 37 32]
2328653678;[ 38  33 122  28  35 125]
774303095;[32 38 35 37]
1266750799;[57 33 60 28]
662090473;[121  28  43]
2667062161;[57 35 60 57 60 38 35]
1859114608;[44 27]
1292635855;[44 47 34 31]
737763146;[32 38 33 29 36 57]
1205093190;[217 118]
351063028;[57 60 27 57 60]
3001247087;[34 57 31 60 34]
1226024458;[217  57  60 220 217]
3417083161;[125  31  34 122  30]
2911695349;[30 40 28 34]
332922944;[43 40 27 30 27]
1442258490;[57 34 60]
2664743612;[34 43 30 40]
3285364946;[ 57  31  60 125 122 125 122 125]
417519664;[34 32 37 30]
4092837973;[ 5 14 64  8 17  5 14 37 18 30]
3834731383;[ 47 112 103]
1408501917;[60 38 35 57 60 38]
3586944057;[43 40 30 43]
2293031583;[33 29 38]
3586617179;[35 36 27]
2468372348;[28 34 57 30 60]
1324041047;[121  40 118  43]
619360718;[31  8 17  5 14]
2554038070;[28 34 30 27 30]
376088335;[60 57 60 28 35]
2535492249;[38 66 34]
4006331796;[69 28]
929115100;[217  38  60  35 220 217 220]
1539354109;[ 38 118]
3751612617;[38 57 60 35 38]
868393049;[57 31 60 35 57 60]
849386822;[217 220  57 217  60]
2911044861;[ 60 220 217 220 217 220]
2857870931;[217  27 220]
2966587763;[31 57 60 35 57]
1930654002;[43 40 43 27 30 40]
3142116443;[32  8 17  5 14 38]
1747569730;[ 34 118  30  27  31 121]
2962555138;[27 66 30]
1848080468;[96 99]
1415756396;[38 64 34 31]
4015031263;[38 34 30 27 31 34]
571196671;[64 61 35]
1933919894;[ 57  28  60 125  34  57 122  31  60 125]
860172423;[116  30]
940307184;[28 33 27 31]
410953402;[ 32 125  37 122  31 125  35]
2948083232;[ 35  38  35  38 113]
1127371303;[64 60 57 61]
2299256009;[37 30 27 32]
3122853429;[66 35 69]
2264430542;[34 66 31]
2850666021;[29 64 38 61]
4193281374;[ 30  27  30 122]
1804027083;[33 28 34 31 34]
282680976;[121 118 121  61]
1216293337;[32 37 30 28 35 38]
2944503756;[  8  20  69 109 118  51]
3683048406;[ 27 125 122  30  27]
2193667839;[  9  19 125  12  25 122]
2176976546;[61 27 31]
1958055303;[35 61 64]
2883803754;[34 57 31 60 57]
3460110171;[57 38 60 57 60]
2858948244;[61 47 64 44 61 64]
782892960;[ 31  43 118  34  40 121]
652071118;[113 116  66]
2810468317;[31 35 38 33 28 33]
1409148640;[38 64 35 61 64 61]
1115599279;[ 60 125  57 122  60  66]
1344060350;[100 121]
3016117195;[61 64 61 47 64 44 61]
2184131894;[ 28 125  33 122  28 125]
2762835310;[34 31 34 30]
3439906977;[ 66  30 122]
1411541738;[217 220 118]
3670357951;[64 61 64 35 38]
2764895669;[27 47 64 30 44 61 27 64]
280493410;[ 38 118  34  31  35 121]
1399624867;[121   5  14  38]
92748687;[60 57 38 60 33]
49701518;[34 57 31 60 35 38]
2959912428;[44 34 47]
1708124546;[21  5 18  8 43]
2380676717;[32 66 38 69 34 31]
722017239;[28 35 38 33 28]
3399361579;[34 30 28 33 27]
3458763684;[220 217 220  57 217]
3605164215;[207 217 204 220 207 217 204 220  57 217]
3583799859;[  8  48  69 179 192 172 185  18  51]
1552828829;[38 64 35 61 64]
2298552193;[28 34 32]
15220681;[38 35 57 38]
3115165309;[34 31 34 43]
2303997002;[60 31 34]
1368508277;[31 69 33 27 66 30]
3597060775;[38 61 35 64]
3305765534;[ 34 122  32 125]
3274479298;[ 5 14  8 17 35]
4023467688;[ 27  30  40  27 121  30 118]
1400777777;[30 60 57 60 57]
4222701014;[ 35  18 121  21  38 118]
3628047879;[ 35  38  33 122]
3187480114;[40 38 34 31 34]
1027827810;[122  31 125  34  31]
2366986088;[125  57 122  60 125]
3683935069;[ 32  66  36  27 105]
2052826656;[30 57 28 60 35 38 34 30 57]
897310857;[38 35 64 61 38]
1692168969;[ 57 217 220  60  57 217]
3458913325;[27 32 38 57 34 60]
3557020713;[28 33 29]
4158463200;[66 37]
3455330719;[35 36 27 30]
3926556119;[38 57 60 57]
3321435149;[ 38  34 122  30]
3938460195;[64 30 61 27]
4254689405;[ 34  30 122  27 125  30 122]
1829004933;[35 38 34 31 33 29]
3516544309;[ 69 113 116]
2070501828;[220 217 118 220]
3254350898;[122  32 125  37 122  31  35 125]
908480891;[69 66 31]
2552321822;[ 17   8 118]
2724718345;[33 57 60]
887002486;[122  27 125  31]
480865921;[57 38 60 35 38 57 35 60]
1444181166;[ 60  57  29  60 125]
2568413265;[ 30 220  27 217 220]
2849141224;[47 38]
2867996568;[30 27 31 43]
1302342038;[ 31 125 122 125  35  38  35]
1310661398;[34 60 30 27 30]
1953495884;[66 64 27]
2015998061;[57 60 57 60 34]
1844228966;[ 43 118  60 122]
2953797311;[66 27 31]
2791719730;[38 57 60 57 35 60 38]
2985746828;[27 32 38 35 37]
1395423298;[ 27  32 125  36 122  57  60]
2667004385;[ 37  30 122  27]
2444065607;[30 60]
1687243225;[ 45  61 192  51 185]
48215257;[ 7 17 69  1 64]
2999915933;[69 31 66]
1271603753;[ 34 118]
3165081006;[ 60 204 207]
4251191044;[66 69 44]
3317465300;[ 8 17 14]
4183788679;[116  47   5  14]
1622708660;[ 35  57  60  38  33 122]
828301561;[ 34  31 121 118 121  35]
2941875181;[121  40  43]
2159370904;[18 21 40]
1405158157;[60 99 57 60]
